ubi,y_aftertax_base,n_base,n_reform,pop_share,y_diff,n_diff,elasticity,elasticity_display,y_diff_pct,n_diff_pct,ubi_print
2.5163071131711865,39.23423997404948,0.08446973897230282,0.0003079693099407904,0.0009107717930019085,0.0641354876463909,-0.996354087112288,-15.535144795431455,-15.54,6.41,-99.64,3.0
2.9361678742723,51.117082001755776,0.08345773190554684,0.0003043606534222671,0.0009107717930019085,0.057440052508698526,-0.9963531161646386,-17.345964577831023,-17.35,5.74,-99.64,3.0
2.3814711027851327,42.78877974466348,0.06651809618565202,0.00019261563165181932,0.0005828939475212213,0.0556564388373834,-0.9971043123195494,-17.915345163079547,-17.92,5.57,-99.71,2.0
0.7018469105790895,13.092171861435617,0.03284758792631615,4.752903966736842e-05,0.00014572348688030533,0.05360813454079794,-0.9985530432318506,-18.626894067203768,-18.63,5.36,-99.86,1.0
0.8443547532194875,15.61593841424276,0.03240527627769968,4.6909413606361435e-05,0.00014572348688030533,0.0540700616780981,-0.9985524143289393,-18.4677506061255,-18.47,5.41,-99.86,1.0
0.9054484375376819,18.067278077611256,0.02791669525413086,3.6753472985839926e-05,0.00011803602437304736,0.050115376187169124,-0.9986834590322649,-19.927685573034857,-19.93,5.01,-99.87,1.0
0.017174676189990825,0.4642643016668733,0.002852863956890311,4.216914486035882e-07,1.4572348688030534e-06,0.03699331636812835,-0.9998521866254487,-27.027914358250747,-27.03,3.7,-99.99,0.0
