lifetime_income_group,ubi,y_aftertax_base,n_base,n_reform,y_diff,n_diff,elasticity,elasticity_display,y_diff_pct,n_diff_pct,ubi_print
0-25%,2584.0642638888303,44060.91680652999,0.3378789558892113,0.3278214841825316,0.05864753734552029,-0.029766493388767024,-0.5075489054791607,-0.51,5.86,-2.98,2584.0
25-50%,3119.5833338866582,57746.05449883663,0.33383092762218736,0.3244966226609182,0.05402244986191232,-0.02796117492095651,-0.5175843559932682,-0.52,5.4,-2.8,3120.0
50-70%,4188.955976765108,76183.0310700112,0.33259048092826,0.32327756531500157,0.05498542021668201,-0.028001149002419012,-0.5092467947334838,-0.51,5.5,-2.8,4189.0
70-80%,5070.676700808575,93358.28824278303,0.32847587926316163,0.3196495834424137,0.05431415674227038,-0.026870453442569775,-0.49472283202470585,-0.49,5.43,-2.69,5071.0
80-90%,6260.136846320953,111240.19099654899,0.3240527627769968,0.31532985285945747,0.056275854888770925,-0.026918177900375317,-0.47832552617066454,-0.48,5.63,-2.69,6260.0
90-99%,8083.509069345125,154952.56671499446,0.310185502823676,0.3024838451741027,0.05216763581730911,-0.024829199235501642,-0.4759502485880981,-0.48,5.22,-2.48,8084.0
Top 1%,12513.233630276336,310853.3213635623,0.28528639568903114,0.27977883652513486,0.04025446334427719,-0.0193053690856666,-0.4795833177691876,-0.48,4.03,-1.93,12513.0
